{"cameraMode":{"drawMode":0,"name":"Shaded","section":"Shading Mode"},"sceneLighting":true,"audioPlay":false,"sceneViewState":{"m_AlwaysRefresh":false,"showFog":true,"showSkybox":true,"showFlares":true,"showImageEffects":true,"showParticleSystems":true,"showVisualEffectGraphs":true,"m_FxEnabled":true},"in2DMode":false,"pivot":{"x":-1.0576692819595338,"y":1.3789467811584473,"z":2.5197672843933107},"rotation":{"x":0.020211488008499147,"y":0.8988290429115295,"z":-0.04224562644958496,"w":0.438042014837265},"size":0.93998783826828,"orthographic":false}